-- phpMyAdmin SQL Dump
-- version 4.7.3
-- https://www.phpmyadmin.net/
--
-- Host: localhost:3306
-- Generation Time: Mar 17, 2018 at 07:35 AM
-- Server version: 5.6.37
-- PHP Version: 5.6.30

SET SQL_MODE = "NO_AUTO_VALUE_ON_ZERO";
SET AUTOCOMMIT = 0;
START TRANSACTION;
SET time_zone = "+00:00";


/*!40101 SET @OLD_CHARACTER_SET_CLIENT=@@CHARACTER_SET_CLIENT */;
/*!40101 SET @OLD_CHARACTER_SET_RESULTS=@@CHARACTER_SET_RESULTS */;
/*!40101 SET @OLD_COLLATION_CONNECTION=@@COLLATION_CONNECTION */;
/*!40101 SET NAMES utf8mb4 */;

--
-- Database: `amlakga1_qestions`
--

DELIMITER $$
--
-- Functions
--
$$

$$

$$

$$

$$

$$

$$

$$

$$

$$

$$

$$

$$

DELIMITER ;

-- --------------------------------------------------------

--
-- Table structure for table `cource-sections`
--

CREATE TABLE `cource-sections` (
  `sectionID` int(11) NOT NULL,
  `courceID` int(11) NOT NULL,
  `sectionTitle` varchar(50) COLLATE utf8_bin NOT NULL,
  `userID` int(11) NOT NULL
) ENGINE=MyISAM AVG_ROW_LENGTH=26 DEFAULT CHARSET=utf8 COLLATE=utf8_bin;

--
-- Dumping data for table `cource-sections`
--

INSERT INTO `cource-sections` (`sectionID`, `courceID`, `sectionTitle`, `userID`) VALUES
(1, 1, 'test', 1),
(2, 1, 'test', 1),
(3, 1, 'تست', 1),
(4, 12, 'Test3', 1),
(5, 1, 'فصل چهارم', 1),
(6, 1, 'فصل 5', 1),
(7, 14, 'درس اول', 1),
(8, 14, 'درس دوم نیایش', 1),
(9, 15, 'فصل اول', 1),
(10, 16, 'درس های چهارم، پنجم و ششم', 1),
(11, 15, 'درس اول', 1),
(12, 15, 'درس دوم', 1),
(13, 15, 'درس سوم', 1),
(14, 15, 'درس چهارم', 1);

-- --------------------------------------------------------

--
-- Table structure for table `cources`
--

CREATE TABLE `cources` (
  `courceID` int(11) NOT NULL,
  `payeID` int(11) NOT NULL,
  `userID` int(11) NOT NULL,
  `title` varchar(36) COLLATE utf8_bin NOT NULL,
  `ip` varchar(20) COLLATE utf8_bin NOT NULL
) ENGINE=MyISAM AVG_ROW_LENGTH=46 DEFAULT CHARSET=utf8 COLLATE=utf8_bin;

--
-- Dumping data for table `cources`
--

INSERT INTO `cources` (`courceID`, `payeID`, `userID`, `title`, `ip`) VALUES
(1, 5, 1, 'ادبیات', '109.122.224.124'),
(12, 6, 1, 'ادبیات', '109.122.233.34'),
(13, 6, 1, 'زبان', '109.122.233.34'),
(14, 9, 1, 'فارسی', '37.156.48.113'),
(15, 10, 1, 'فارسی', '213.195.40.103'),
(16, 11, 1, 'فارسی', '213.195.40.103');

-- --------------------------------------------------------

--
-- Table structure for table `examination`
--

CREATE TABLE `examination` (
  `id` int(11) NOT NULL,
  `title` varchar(255) COLLATE utf8_bin NOT NULL,
  `regdate` timestamp NOT NULL DEFAULT CURRENT_TIMESTAMP,
  `userID` int(11) NOT NULL,
  `questionLevelIDList` varchar(5) COLLATE utf8_bin NOT NULL,
  `questionLevelStringList` varchar(15) COLLATE utf8_bin NOT NULL,
  `sectionsIDList` varchar(500) COLLATE utf8_bin NOT NULL,
  `sectionList` varchar(500) COLLATE utf8_bin NOT NULL,
  `tagsIDList` varchar(500) COLLATE utf8_bin NOT NULL,
  `tagsList` varchar(500) COLLATE utf8_bin NOT NULL
) ENGINE=MyISAM DEFAULT CHARSET=utf8 COLLATE=utf8_bin;

--
-- Dumping data for table `examination`
--

INSERT INTO `examination` (`id`, `title`, `regdate`, `userID`, `questionLevelIDList`, `questionLevelStringList`, `sectionsIDList`, `sectionList`, `tagsIDList`, `tagsList`) VALUES
(1, 'test', '2018-03-05 07:56:33', 0, '', '', '', '', '4,6,7,5', ''),
(2, 'test', '2018-03-05 07:58:25', 0, '', '', '', '', '6,7', ''),
(3, 'test', '2018-03-05 08:00:33', 0, '', '', '', '', '6', ''),
(4, 'test', '2018-03-05 08:04:48', 0, '', '', '', '', '7,6', ''),
(5, 'test', '2018-03-05 08:05:53', 0, '', '', '', '', '', ''),
(6, 'test', '2018-03-05 08:10:58', 0, '', '', '', '', '', ''),
(7, 'test', '2018-03-05 08:12:03', 0, '', '', '', '', '', ''),
(8, 'test', '2018-03-05 08:12:40', 0, '', '', '', '', '', ''),
(9, 'test', '2018-03-05 08:14:42', 0, '', '', '', '', '', ''),
(10, 'test', '2018-03-05 08:15:31', 0, '', '', '', '', '', ''),
(11, 'test', '2018-03-05 08:16:26', 0, '', '', '', '', '', ''),
(12, 'test', '2018-03-05 08:20:33', 0, '', '', '', '', '', ''),
(13, 'test', '2018-03-05 08:20:43', 0, '', '', '', '', '', ''),
(14, 'test', '2018-03-05 09:04:16', 0, '', '', '', '', '', ''),
(15, 'test', '2018-03-05 11:03:33', 0, '', '', '', '', '', ''),
(16, 'test', '2018-03-05 11:05:22', 0, '', '', '', '', '', ''),
(17, 'test', '2018-03-05 11:14:30', 0, '', '', '', '', '', ''),
(18, 'test', '2018-03-05 11:30:41', 0, '', '', '', '', '', ''),
(19, 'test', '2018-03-05 11:34:16', 0, '', '', '', '', '', ''),
(20, 'test', '2018-03-05 11:37:28', 0, '', '', '', '', '', ''),
(21, 'test', '2018-03-06 18:17:45', 0, '', '', '', '', '', ''),
(22, 'test', '2018-03-07 13:17:04', 0, '', '', '', '', '', ''),
(23, 'test', '2018-03-07 14:45:54', 0, '', '', '', '', '', ''),
(24, 'test', '2018-03-07 14:50:58', 0, '', '', '', '', '', ''),
(25, 'test', '2018-03-08 04:58:55', 0, '', '', '', '', '', ''),
(26, 'test', '2018-03-17 05:16:09', 0, '', '', '', '', '', '');

-- --------------------------------------------------------

--
-- Table structure for table `examinationQuestions`
--

CREATE TABLE `examinationQuestions` (
  `id` int(11) NOT NULL,
  `examID` int(11) NOT NULL,
  `questionID` int(11) NOT NULL,
  `item1ID` int(11) NOT NULL,
  `item2ID` int(11) NOT NULL,
  `item3ID` int(11) NOT NULL,
  `Item4ID` int(11) NOT NULL,
  `answer` tinyint(1) NOT NULL,
  `regDate` timestamp NOT NULL DEFAULT CURRENT_TIMESTAMP
) ENGINE=MyISAM DEFAULT CHARSET=utf8 COLLATE=utf8_bin;

--
-- Dumping data for table `examinationQuestions`
--

INSERT INTO `examinationQuestions` (`id`, `examID`, `questionID`, `item1ID`, `item2ID`, `item3ID`, `Item4ID`, `answer`, `regDate`) VALUES
(1, 3, 56, 0, 163, 164, 162, 1, '2018-03-05 08:00:33'),
(2, 3, 24, 68, 67, 0, 66, 3, '2018-03-05 08:00:33'),
(3, 3, 41, 119, 118, 117, 0, 4, '2018-03-05 08:00:33'),
(4, 3, 31, 88, 89, 87, 0, 4, '2018-03-05 08:00:33'),
(5, 3, 47, 0, 136, 135, 137, 1, '2018-03-05 08:00:33'),
(6, 3, 40, 114, 115, 116, 0, 4, '2018-03-05 08:00:33'),
(7, 3, 38, 108, 0, 109, 110, 2, '2018-03-05 08:00:33'),
(8, 3, 49, 0, 143, 141, 142, 1, '2018-03-05 08:00:33'),
(9, 3, 34, 98, 0, 97, 96, 2, '2018-03-05 08:00:33'),
(10, 3, 43, 125, 124, 123, 0, 4, '2018-03-05 08:00:33'),
(11, 4, 46, 133, 134, 0, 132, 3, '2018-03-05 08:04:48'),
(12, 4, 28, 0, 78, 80, 79, 1, '2018-03-05 08:04:48'),
(13, 4, 36, 0, 103, 104, 102, 1, '2018-03-05 08:04:48'),
(14, 4, 52, 151, 150, 152, 0, 4, '2018-03-05 08:04:48'),
(15, 4, 25, 0, 69, 71, 70, 1, '2018-03-05 08:04:48'),
(16, 4, 49, 142, 141, 0, 143, 3, '2018-03-05 08:04:48'),
(17, 4, 32, 0, 90, 92, 91, 1, '2018-03-05 08:04:48'),
(18, 4, 48, 140, 138, 0, 139, 3, '2018-03-05 08:04:48'),
(19, 4, 34, 97, 98, 96, 0, 4, '2018-03-05 08:04:48'),
(20, 4, 18, 0, 49, 50, 48, 1, '2018-03-05 08:04:48'),
(21, 5, 54, 156, 157, 158, 0, 4, '2018-03-05 08:05:53'),
(22, 5, 43, 125, 0, 123, 124, 2, '2018-03-05 08:05:53'),
(23, 5, 41, 117, 118, 119, 0, 4, '2018-03-05 08:05:53'),
(24, 5, 34, 98, 96, 0, 97, 3, '2018-03-05 08:05:53'),
(25, 5, 59, 173, 172, 0, 171, 3, '2018-03-05 08:05:53'),
(26, 5, 39, 0, 113, 112, 111, 1, '2018-03-05 08:05:53'),
(27, 5, 33, 94, 93, 95, 0, 4, '2018-03-05 08:05:53'),
(28, 5, 36, 102, 104, 0, 103, 3, '2018-03-05 08:05:53'),
(29, 5, 31, 0, 89, 87, 88, 1, '2018-03-05 08:05:53'),
(30, 5, 55, 0, 160, 161, 159, 1, '2018-03-05 08:05:53'),
(31, 6, 35, 100, 101, 99, 0, 4, '2018-03-05 08:10:58'),
(32, 6, 56, 164, 163, 162, 0, 4, '2018-03-05 08:10:58'),
(33, 6, 52, 150, 0, 151, 152, 2, '2018-03-05 08:10:58'),
(34, 6, 37, 105, 106, 107, 0, 4, '2018-03-05 08:10:58'),
(35, 6, 29, 0, 83, 82, 81, 1, '2018-03-05 08:10:58'),
(36, 6, 34, 98, 97, 96, 0, 4, '2018-03-05 08:10:58'),
(37, 6, 40, 115, 116, 0, 114, 3, '2018-03-05 08:10:58'),
(38, 6, 58, 0, 169, 168, 170, 1, '2018-03-05 08:10:58'),
(39, 6, 47, 135, 137, 136, 0, 4, '2018-03-05 08:10:58'),
(40, 6, 26, 0, 73, 72, 74, 1, '2018-03-05 08:10:58'),
(41, 7, 52, 151, 0, 152, 150, 2, '2018-03-05 08:12:03'),
(42, 7, 40, 115, 116, 114, 0, 4, '2018-03-05 08:12:03'),
(43, 7, 58, 168, 170, 0, 169, 3, '2018-03-05 08:12:03'),
(44, 7, 50, 0, 146, 144, 145, 1, '2018-03-05 08:12:03'),
(45, 7, 45, 130, 0, 131, 129, 2, '2018-03-05 08:12:03'),
(46, 7, 23, 63, 64, 65, 0, 4, '2018-03-05 08:12:03'),
(47, 7, 57, 0, 166, 165, 167, 1, '2018-03-05 08:12:03'),
(48, 7, 42, 0, 122, 120, 121, 1, '2018-03-05 08:12:03'),
(49, 7, 25, 69, 0, 71, 70, 2, '2018-03-05 08:12:03'),
(50, 7, 31, 0, 87, 89, 88, 1, '2018-03-05 08:12:03'),
(51, 8, 39, 111, 0, 112, 113, 2, '2018-03-05 08:12:40'),
(52, 8, 27, 0, 76, 77, 75, 1, '2018-03-05 08:12:40'),
(53, 8, 35, 99, 100, 101, 0, 4, '2018-03-05 08:12:40'),
(54, 8, 40, 114, 115, 0, 116, 3, '2018-03-05 08:12:40'),
(55, 8, 34, 97, 0, 98, 96, 2, '2018-03-05 08:12:40'),
(56, 8, 33, 94, 95, 0, 93, 3, '2018-03-05 08:12:40'),
(57, 8, 25, 70, 71, 0, 69, 3, '2018-03-05 08:12:40'),
(58, 8, 58, 168, 169, 0, 170, 3, '2018-03-05 08:12:40'),
(59, 8, 45, 130, 0, 129, 131, 2, '2018-03-05 08:12:40'),
(60, 8, 48, 138, 139, 140, 0, 4, '2018-03-05 08:12:40'),
(61, 9, 59, 171, 173, 172, 0, 4, '2018-03-05 08:14:42'),
(62, 9, 38, 110, 0, 108, 109, 2, '2018-03-05 08:14:42'),
(63, 9, 46, 134, 0, 132, 133, 2, '2018-03-05 08:14:42'),
(64, 9, 52, 0, 150, 152, 151, 1, '2018-03-05 08:14:42'),
(65, 9, 55, 159, 160, 161, 0, 4, '2018-03-05 08:14:42'),
(66, 9, 26, 74, 0, 73, 72, 2, '2018-03-05 08:14:42'),
(67, 9, 51, 0, 149, 147, 148, 1, '2018-03-05 08:14:42'),
(68, 9, 18, 48, 0, 50, 49, 2, '2018-03-05 08:14:42'),
(69, 9, 24, 68, 67, 66, 0, 4, '2018-03-05 08:14:42'),
(70, 9, 28, 78, 80, 0, 79, 3, '2018-03-05 08:14:42'),
(71, 10, 25, 69, 0, 70, 71, 2, '2018-03-05 08:15:31'),
(72, 10, 58, 168, 170, 169, 0, 4, '2018-03-05 08:15:31'),
(73, 10, 56, 164, 162, 0, 163, 3, '2018-03-05 08:15:31'),
(74, 10, 43, 124, 123, 0, 125, 3, '2018-03-05 08:15:31'),
(75, 10, 41, 118, 117, 0, 119, 3, '2018-03-05 08:15:31'),
(76, 10, 27, 0, 76, 77, 75, 1, '2018-03-05 08:15:31'),
(77, 10, 46, 134, 133, 132, 0, 4, '2018-03-05 08:15:31'),
(78, 10, 55, 159, 0, 161, 160, 2, '2018-03-05 08:15:31'),
(79, 10, 18, 50, 0, 48, 49, 2, '2018-03-05 08:15:31'),
(80, 10, 28, 78, 80, 0, 79, 3, '2018-03-05 08:15:31'),
(81, 11, 30, 0, 84, 86, 85, 1, '2018-03-05 08:16:26'),
(82, 11, 37, 0, 107, 106, 105, 1, '2018-03-05 08:16:26'),
(83, 11, 27, 0, 77, 75, 76, 1, '2018-03-05 08:16:26'),
(84, 11, 45, 129, 0, 131, 130, 2, '2018-03-05 08:16:26'),
(85, 11, 46, 134, 133, 132, 0, 4, '2018-03-05 08:16:26'),
(86, 11, 32, 92, 90, 91, 0, 4, '2018-03-05 08:16:26'),
(87, 11, 56, 162, 0, 163, 164, 2, '2018-03-05 08:16:26'),
(88, 11, 36, 102, 103, 104, 0, 4, '2018-03-05 08:16:26'),
(89, 11, 40, 115, 114, 116, 0, 4, '2018-03-05 08:16:26'),
(90, 11, 47, 135, 137, 0, 136, 3, '2018-03-05 08:16:26'),
(91, 12, 40, 116, 0, 115, 114, 2, '2018-03-05 08:20:33'),
(92, 12, 51, 147, 0, 148, 149, 2, '2018-03-05 08:20:33'),
(93, 12, 31, 87, 89, 88, 0, 4, '2018-03-05 08:20:33'),
(94, 12, 36, 104, 0, 102, 103, 2, '2018-03-05 08:20:33'),
(95, 12, 39, 0, 111, 113, 112, 1, '2018-03-05 08:20:33'),
(96, 12, 56, 164, 162, 163, 0, 4, '2018-03-05 08:20:33'),
(97, 12, 44, 126, 128, 0, 127, 3, '2018-03-05 08:20:33'),
(98, 12, 61, 178, 0, 179, 177, 2, '2018-03-05 08:20:33'),
(99, 12, 35, 99, 101, 0, 100, 3, '2018-03-05 08:20:33'),
(100, 12, 27, 76, 75, 77, 0, 4, '2018-03-05 08:20:33'),
(101, 13, 36, 0, 103, 102, 104, 1, '2018-03-05 08:20:43'),
(102, 13, 58, 170, 0, 168, 169, 2, '2018-03-05 08:20:43'),
(103, 13, 33, 94, 95, 0, 93, 3, '2018-03-05 08:20:43'),
(104, 13, 45, 0, 130, 129, 131, 1, '2018-03-05 08:20:43'),
(105, 13, 29, 83, 0, 82, 81, 2, '2018-03-05 08:20:43'),
(106, 13, 42, 121, 122, 0, 120, 3, '2018-03-05 08:20:43'),
(107, 13, 46, 134, 132, 0, 133, 3, '2018-03-05 08:20:43'),
(108, 13, 43, 125, 124, 0, 123, 3, '2018-03-05 08:20:43'),
(109, 13, 49, 142, 0, 141, 143, 2, '2018-03-05 08:20:43'),
(110, 13, 25, 70, 69, 0, 71, 3, '2018-03-05 08:20:43'),
(111, 14, 46, 0, 133, 134, 132, 1, '2018-03-05 09:04:16'),
(112, 14, 28, 79, 78, 0, 80, 3, '2018-03-05 09:04:16'),
(113, 14, 31, 0, 89, 88, 87, 1, '2018-03-05 09:04:16'),
(114, 14, 43, 0, 123, 125, 124, 1, '2018-03-05 09:04:16'),
(115, 14, 49, 143, 0, 141, 142, 2, '2018-03-05 09:04:16'),
(116, 14, 24, 67, 68, 66, 0, 4, '2018-03-05 09:04:16'),
(117, 14, 42, 120, 122, 121, 0, 4, '2018-03-05 09:04:16'),
(118, 14, 26, 0, 73, 74, 72, 1, '2018-03-05 09:04:16'),
(119, 14, 33, 94, 93, 95, 0, 4, '2018-03-05 09:04:16'),
(120, 14, 56, 164, 0, 162, 163, 2, '2018-03-05 09:04:16'),
(121, 15, 56, 0, 163, 164, 162, 1, '2018-03-05 11:03:33'),
(122, 15, 29, 81, 83, 0, 82, 3, '2018-03-05 11:03:33'),
(123, 15, 34, 98, 97, 0, 96, 3, '2018-03-05 11:03:33'),
(124, 15, 18, 48, 50, 0, 49, 3, '2018-03-05 11:03:33'),
(125, 15, 52, 151, 150, 0, 152, 3, '2018-03-05 11:03:33'),
(126, 15, 40, 114, 0, 115, 116, 2, '2018-03-05 11:03:33'),
(127, 15, 44, 0, 128, 127, 126, 1, '2018-03-05 11:03:33'),
(128, 15, 48, 140, 138, 139, 0, 4, '2018-03-05 11:03:33'),
(129, 15, 28, 80, 79, 0, 78, 3, '2018-03-05 11:03:33'),
(130, 15, 50, 145, 144, 146, 0, 4, '2018-03-05 11:03:33'),
(131, 16, 18, 50, 49, 0, 48, 3, '2018-03-05 11:05:22'),
(132, 16, 57, 167, 165, 166, 0, 4, '2018-03-05 11:05:22'),
(133, 16, 23, 63, 65, 64, 0, 4, '2018-03-05 11:05:22'),
(134, 16, 58, 168, 0, 169, 170, 2, '2018-03-05 11:05:22'),
(135, 16, 54, 157, 0, 158, 156, 2, '2018-03-05 11:05:22'),
(136, 16, 39, 111, 0, 113, 112, 2, '2018-03-05 11:05:22'),
(137, 16, 32, 92, 0, 91, 90, 2, '2018-03-05 11:05:22'),
(138, 16, 33, 94, 93, 0, 95, 3, '2018-03-05 11:05:22'),
(139, 16, 43, 0, 124, 125, 123, 1, '2018-03-05 11:05:22'),
(140, 16, 44, 126, 0, 128, 127, 2, '2018-03-05 11:05:22'),
(141, 17, 18, 0, 49, 50, 48, 1, '2018-03-05 11:14:30'),
(142, 17, 32, 92, 91, 90, 0, 4, '2018-03-05 11:14:30'),
(143, 17, 56, 0, 162, 164, 163, 1, '2018-03-05 11:14:30'),
(144, 17, 41, 117, 119, 0, 118, 3, '2018-03-05 11:14:30'),
(145, 17, 57, 166, 0, 167, 165, 2, '2018-03-05 11:14:30'),
(146, 17, 52, 152, 151, 150, 0, 4, '2018-03-05 11:14:30'),
(147, 17, 51, 147, 0, 149, 148, 2, '2018-03-05 11:14:30'),
(148, 17, 48, 139, 0, 138, 140, 2, '2018-03-05 11:14:30'),
(149, 17, 36, 104, 0, 102, 103, 2, '2018-03-05 11:14:30'),
(150, 17, 44, 128, 127, 0, 126, 3, '2018-03-05 11:14:30'),
(151, 18, 32, 0, 90, 92, 91, 1, '2018-03-05 11:30:41'),
(152, 18, 30, 86, 0, 84, 85, 2, '2018-03-05 11:30:41'),
(153, 18, 45, 0, 130, 131, 129, 1, '2018-03-05 11:30:41'),
(154, 18, 58, 169, 168, 170, 0, 4, '2018-03-05 11:30:41'),
(155, 18, 37, 0, 107, 105, 106, 1, '2018-03-05 11:30:41'),
(156, 18, 33, 95, 93, 0, 94, 3, '2018-03-05 11:30:41'),
(157, 18, 24, 67, 66, 0, 68, 3, '2018-03-05 11:30:41'),
(158, 18, 28, 0, 79, 80, 78, 1, '2018-03-05 11:30:41'),
(159, 18, 54, 156, 157, 158, 0, 4, '2018-03-05 11:30:41'),
(160, 18, 26, 73, 72, 0, 74, 3, '2018-03-05 11:30:41'),
(161, 19, 23, 63, 0, 65, 64, 2, '2018-03-05 11:34:16'),
(162, 19, 40, 115, 116, 0, 114, 3, '2018-03-05 11:34:16'),
(163, 19, 28, 0, 79, 80, 78, 1, '2018-03-05 11:34:16'),
(164, 19, 31, 88, 89, 0, 87, 3, '2018-03-05 11:34:16'),
(165, 19, 25, 69, 71, 0, 70, 3, '2018-03-05 11:34:16'),
(166, 19, 58, 168, 169, 170, 0, 4, '2018-03-05 11:34:16'),
(167, 19, 53, 154, 153, 0, 155, 3, '2018-03-05 11:34:16'),
(168, 19, 32, 91, 92, 0, 90, 3, '2018-03-05 11:34:16'),
(169, 19, 18, 49, 0, 48, 50, 2, '2018-03-05 11:34:16'),
(170, 19, 41, 0, 119, 118, 117, 1, '2018-03-05 11:34:16'),
(171, 20, 45, 130, 0, 129, 131, 2, '2018-03-05 11:37:28'),
(172, 20, 42, 0, 121, 122, 120, 1, '2018-03-05 11:37:28'),
(173, 20, 35, 0, 100, 99, 101, 1, '2018-03-05 11:37:28'),
(174, 20, 49, 142, 143, 0, 141, 3, '2018-03-05 11:37:28'),
(175, 20, 32, 92, 90, 0, 91, 3, '2018-03-05 11:37:28'),
(176, 20, 51, 149, 147, 148, 0, 4, '2018-03-05 11:37:28'),
(177, 20, 52, 0, 151, 152, 150, 1, '2018-03-05 11:37:28'),
(178, 20, 59, 172, 0, 173, 171, 2, '2018-03-05 11:37:28'),
(179, 20, 38, 0, 109, 110, 108, 1, '2018-03-05 11:37:28'),
(180, 20, 39, 113, 0, 111, 112, 2, '2018-03-05 11:37:28'),
(181, 21, 57, 0, 166, 165, 167, 1, '2018-03-06 18:17:45'),
(182, 21, 38, 109, 108, 0, 110, 3, '2018-03-06 18:17:45'),
(183, 21, 59, 173, 172, 0, 171, 3, '2018-03-06 18:17:45'),
(184, 21, 55, 160, 0, 159, 161, 2, '2018-03-06 18:17:45'),
(185, 21, 50, 145, 146, 0, 144, 3, '2018-03-06 18:17:45'),
(186, 21, 51, 149, 0, 147, 148, 2, '2018-03-06 18:17:45'),
(187, 21, 46, 134, 132, 133, 0, 4, '2018-03-06 18:17:45'),
(188, 21, 27, 76, 75, 0, 77, 3, '2018-03-06 18:17:45'),
(189, 21, 18, 49, 0, 48, 50, 2, '2018-03-06 18:17:45'),
(190, 21, 43, 123, 0, 125, 124, 2, '2018-03-06 18:17:45'),
(191, 22, 26, 0, 74, 73, 72, 1, '2018-03-07 13:17:04'),
(192, 22, 61, 178, 0, 177, 179, 2, '2018-03-07 13:17:04'),
(193, 22, 59, 172, 171, 0, 173, 3, '2018-03-07 13:17:04'),
(194, 22, 39, 111, 112, 113, 0, 4, '2018-03-07 13:17:04'),
(195, 22, 28, 0, 79, 78, 80, 1, '2018-03-07 13:17:04'),
(196, 22, 56, 164, 162, 163, 0, 4, '2018-03-07 13:17:04'),
(197, 22, 18, 48, 49, 0, 50, 3, '2018-03-07 13:17:04'),
(198, 22, 52, 150, 152, 151, 0, 4, '2018-03-07 13:17:04'),
(199, 22, 42, 122, 121, 0, 120, 3, '2018-03-07 13:17:04'),
(200, 22, 30, 85, 86, 0, 84, 3, '2018-03-07 13:17:04'),
(201, 23, 56, 164, 163, 0, 162, 3, '2018-03-07 14:45:54'),
(202, 23, 25, 70, 0, 69, 71, 2, '2018-03-07 14:45:54'),
(203, 23, 28, 78, 0, 79, 80, 2, '2018-03-07 14:45:54'),
(204, 23, 18, 0, 49, 50, 48, 1, '2018-03-07 14:45:54'),
(205, 23, 55, 159, 0, 160, 161, 2, '2018-03-07 14:45:54'),
(206, 23, 50, 0, 144, 146, 145, 1, '2018-03-07 14:45:54'),
(207, 23, 51, 0, 147, 148, 149, 1, '2018-03-07 14:45:54'),
(208, 23, 38, 109, 0, 108, 110, 2, '2018-03-07 14:45:54'),
(209, 23, 58, 168, 170, 169, 0, 4, '2018-03-07 14:45:54'),
(210, 23, 49, 141, 143, 0, 142, 3, '2018-03-07 14:45:54'),
(211, 24, 23, 0, 65, 64, 63, 1, '2018-03-07 14:50:58'),
(212, 24, 47, 136, 135, 0, 137, 3, '2018-03-07 14:50:58'),
(213, 24, 26, 0, 73, 74, 72, 1, '2018-03-07 14:50:58'),
(214, 24, 35, 0, 99, 101, 100, 1, '2018-03-07 14:50:58'),
(215, 24, 18, 50, 49, 0, 48, 3, '2018-03-07 14:50:58'),
(216, 24, 31, 88, 89, 87, 0, 4, '2018-03-07 14:50:58'),
(217, 24, 25, 70, 0, 71, 69, 2, '2018-03-07 14:50:58'),
(218, 24, 44, 128, 0, 127, 126, 2, '2018-03-07 14:50:58'),
(219, 24, 52, 150, 0, 151, 152, 2, '2018-03-07 14:50:58'),
(220, 24, 36, 104, 0, 102, 103, 2, '2018-03-07 14:50:58'),
(221, 24, 53, 155, 0, 154, 153, 2, '2018-03-07 14:50:58'),
(222, 24, 51, 0, 147, 148, 149, 1, '2018-03-07 14:50:58'),
(223, 24, 46, 132, 134, 0, 133, 3, '2018-03-07 14:50:58'),
(224, 24, 59, 172, 171, 0, 173, 3, '2018-03-07 14:50:58'),
(225, 24, 43, 125, 0, 124, 123, 2, '2018-03-07 14:50:58'),
(226, 24, 41, 117, 0, 118, 119, 2, '2018-03-07 14:50:58'),
(227, 24, 40, 116, 115, 114, 0, 4, '2018-03-07 14:50:58'),
(228, 24, 42, 0, 121, 122, 120, 1, '2018-03-07 14:50:58'),
(229, 24, 57, 0, 166, 165, 167, 1, '2018-03-07 14:50:58'),
(230, 24, 61, 178, 177, 0, 179, 3, '2018-03-07 14:50:58'),
(231, 24, 54, 0, 157, 158, 156, 1, '2018-03-07 14:50:58'),
(232, 24, 49, 141, 0, 142, 143, 2, '2018-03-07 14:50:58'),
(233, 24, 29, 0, 81, 83, 82, 1, '2018-03-07 14:50:58'),
(234, 24, 30, 84, 85, 0, 86, 3, '2018-03-07 14:50:58'),
(235, 24, 48, 140, 139, 0, 138, 3, '2018-03-07 14:50:58'),
(236, 24, 28, 80, 78, 79, 0, 4, '2018-03-07 14:50:58'),
(237, 24, 37, 105, 107, 0, 106, 3, '2018-03-07 14:50:58'),
(238, 24, 34, 0, 96, 97, 98, 1, '2018-03-07 14:50:58'),
(239, 24, 45, 131, 129, 0, 130, 3, '2018-03-07 14:50:58'),
(240, 24, 56, 0, 162, 164, 163, 1, '2018-03-07 14:50:58'),
(241, 24, 32, 0, 92, 90, 91, 1, '2018-03-07 14:50:58'),
(242, 24, 24, 66, 68, 67, 0, 4, '2018-03-07 14:50:58'),
(243, 24, 33, 0, 94, 93, 95, 1, '2018-03-07 14:50:58'),
(244, 24, 55, 161, 0, 160, 159, 2, '2018-03-07 14:50:58'),
(245, 24, 39, 0, 113, 111, 112, 1, '2018-03-07 14:50:58'),
(246, 24, 58, 170, 169, 168, 0, 4, '2018-03-07 14:50:58'),
(247, 24, 50, 145, 144, 0, 146, 3, '2018-03-07 14:50:58'),
(248, 24, 27, 76, 77, 0, 75, 3, '2018-03-07 14:50:58'),
(249, 24, 38, 108, 109, 0, 110, 3, '2018-03-07 14:50:58'),
(250, 25, 57, 166, 167, 0, 165, 3, '2018-03-08 04:58:55'),
(251, 25, 41, 0, 118, 117, 119, 1, '2018-03-08 04:58:55'),
(252, 25, 46, 134, 0, 132, 133, 2, '2018-03-08 04:58:55'),
(253, 25, 63, 186, 185, 0, 184, 3, '2018-03-08 04:58:55'),
(254, 25, 24, 0, 68, 66, 67, 1, '2018-03-08 04:58:55'),
(255, 25, 28, 80, 0, 79, 78, 2, '2018-03-08 04:58:55'),
(256, 25, 30, 86, 0, 85, 84, 2, '2018-03-08 04:58:55'),
(257, 25, 56, 164, 162, 0, 163, 3, '2018-03-08 04:58:55'),
(258, 25, 37, 107, 105, 0, 106, 3, '2018-03-08 04:58:55'),
(259, 25, 36, 0, 103, 102, 104, 1, '2018-03-08 04:58:55'),
(260, 26, 57, 166, 165, 0, 167, 3, '2018-03-17 05:16:09'),
(261, 26, 44, 127, 0, 128, 126, 2, '2018-03-17 05:16:09'),
(262, 26, 36, 0, 102, 103, 104, 1, '2018-03-17 05:16:09'),
(263, 26, 31, 89, 87, 88, 0, 4, '2018-03-17 05:16:09'),
(264, 26, 29, 82, 81, 83, 0, 4, '2018-03-17 05:16:09'),
(265, 26, 33, 94, 93, 0, 95, 3, '2018-03-17 05:16:09'),
(266, 26, 39, 113, 112, 111, 0, 4, '2018-03-17 05:16:09'),
(267, 26, 52, 151, 0, 150, 152, 2, '2018-03-17 05:16:09'),
(268, 26, 23, 64, 0, 65, 63, 2, '2018-03-17 05:16:09'),
(269, 26, 40, 116, 115, 0, 114, 3, '2018-03-17 05:16:09');

-- --------------------------------------------------------

--
-- Table structure for table `paye`
--

CREATE TABLE `paye` (
  `payeID` int(11) NOT NULL,
  `payeName` varchar(36) COLLATE utf8_bin NOT NULL,
  `active` tinyint(4) NOT NULL DEFAULT '1'
) ENGINE=MyISAM AVG_ROW_LENGTH=20 DEFAULT CHARSET=utf8 COLLATE=utf8_bin;

--
-- Dumping data for table `paye`
--

INSERT INTO `paye` (`payeID`, `payeName`, `active`) VALUES
(11, 'نهم', 1),
(9, 'هفتم', 1),
(10, 'هشتم', 1);

-- --------------------------------------------------------

--
-- Table structure for table `question_items`
--

CREATE TABLE `question_items` (
  `itemID` int(11) NOT NULL,
  `questionID` int(11) NOT NULL,
  `itemTitle` varchar(255) COLLATE utf8_bin NOT NULL,
  `sectionID` int(11) NOT NULL,
  `courceID` int(11) NOT NULL,
  `userID` int(11) NOT NULL
) ENGINE=MyISAM DEFAULT CHARSET=utf8 COLLATE=utf8_bin;

--
-- Dumping data for table `question_items`
--

INSERT INTO `question_items` (`itemID`, `questionID`, `itemTitle`, `sectionID`, `courceID`, `userID`) VALUES
(79, 28, 'بزرگان نهاده بزرگی زسر		(بزرگان در پناه لطف خداوند هستند)', 9, 15, 1),
(78, 28, 'فرو مانده از کُنه ماهیتش 		(انسان نمی تواند به ماهیّت خود پی ببرد)', 9, 15, 1),
(77, 27, 'گفت این جا می شود یک لحظه ماند 		گوشه ای خلوت نمازی ساده خواند', 9, 15, 1),
(76, 27, 'محال است سعدی که راه وفا		توان رفت جز بر پی مصطفی', 9, 15, 1),
(48, 18, 'پایان، نیکو، گلیم از جنس پشم، اندیشه کردن', 9, 15, 1),
(49, 18, 'عمق، اقبال ، جامۀ درویشان، گوشه گیری', 9, 15, 1),
(50, 18, 'حقیقت، برآمدن، فرش کهنه، جست و جو', 9, 15, 1),
(75, 27, 'هر چه می پرسیدم از خود از خدا 		از زمین از آسمان از ابرها', 9, 15, 1),
(74, 26, 'رعد و برق شب طنین خنده اش (تشبیه)', 9, 15, 1),
(73, 26, 'خشتی از الماس و خشتی از طلا (مراعات نظیر)', 9, 15, 1),
(72, 26, 'مثل نوری در دل آیینه است (تشخیص)', 9, 15, 1),
(71, 25, 'آفریدن:آفرین', 9, 15, 1),
(70, 25, 'توانستن: توان', 9, 15, 1),
(69, 25, 'اُفتادن: اُفت', 9, 15, 1),
(68, 24, 'آینه های ناگهان', 9, 15, 1),
(66, 24, 'تنفس صبح', 9, 15, 1),
(67, 24, 'در کوچۀ آفتاب', 9, 15, 1),
(65, 23, 'جهان متّفق بر الاهیتش', 9, 15, 1),
(64, 23, 'بصر منتحای جمالش نیافت', 9, 15, 1),
(63, 23, 'پایه های برجش از آج وبلور', 9, 15, 1),
(80, 28, 'پرستار اَمرَش همه چیز و کس	     (خداوند پروردگار و آفرینندۀ جهان است)', 9, 15, 1),
(81, 29, 'زان آدمی بترس که با دیو آشناست', 9, 15, 1),
(82, 29, 'سرمایۀ نجات بود توبۀ درست', 9, 15, 1),
(83, 29, 'صفات خاصّ خداوند بنده را نَسِزَد', 9, 15, 1),
(84, 30, 'گرت صورت حال بد یا نکوست	نگارندۀ دست تقدیر اوست', 9, 15, 1),
(85, 30, 'یکی رابه سر بَر نَهَد تاجِ بخت	      یکی را به خاک اندر آرَد زتخت', 9, 15, 1),
(86, 30, 'عزیزیّ و خواری تو بخشی و بس	            عزیز تو خواری نبیند زکس', 9, 15, 1),
(87, 31, 'تنها به ره دوست نباید زجان گذشت		جز دوست هرچه هست بباید از آن گذشت', 9, 15, 1),
(88, 31, 'از لطف خود مرا مکن ای دوست نا امید	زیرا که نیست جز تو امیدم به هیچ کس', 9, 15, 1),
(89, 31, 'مرو ای دوست که ما بی تو نخواهیم نشست	مَبُر ای یار که ما از تو نخواهیم بُرید', 9, 15, 1),
(90, 32, 'مهربان و ساده و بی کینه است / مثل نوری در دل آیینه است', 9, 15, 1),
(91, 32, 'می توانم بعد از این با این خدا / دوست باشم دوست پاک و بی ریا', 9, 15, 1),
(92, 32, 'تازه فهمیدم خدایم این خداست /این خدای مهربان و آشناست', 9, 15, 1),
(93, 33, 'عمیق ، پشت سر', 9, 15, 1),
(94, 33, 'ذات ، بالاترین', 9, 15, 1),
(95, 33, 'حقیقی، دنبال', 9, 15, 1),
(96, 34, 'نیرومندانه', 9, 15, 1),
(97, 34, 'پیروزمندانه', 9, 15, 1),
(98, 34, 'قدرتمندانه', 9, 15, 1),
(99, 35, 'بیمناک، خوب، مثال ها، قیمتی', 9, 15, 1),
(100, 35, 'اندوهگین، فریبنده، تابلوها، کمیاب', 9, 15, 1),
(101, 35, 'پشیمان، پرنقش ونگار، منظره ها، بی مانند', 9, 15, 1),
(102, 36, 'بهارستان - بوستان', 9, 15, 1),
(103, 36, 'پریشان - بوستان', 9, 15, 1),
(104, 36, 'بهارستان - گلستان', 9, 15, 1),
(105, 37, 'جام لاله ، خورشید هستی', 9, 15, 1),
(106, 37, 'جام لاله ، لالۀ قرمز', 9, 15, 1),
(107, 37, 'آتش تندخو، جام لاله', 9, 15, 1),
(108, 38, 'سینه باید گشاده چون دریا', 9, 15, 1),
(109, 38, 'کارم چو زلف یار ،پریشان و درهم است', 9, 15, 1),
(110, 38, 'به سان رود رونده باش', 9, 15, 1),
(111, 39, 'ما همه کار می کنیم', 9, 15, 1),
(112, 39, 'اینجا آشپزخانه ندارد', 9, 15, 1),
(113, 39, 'کتاب دوستی خوب است', 9, 15, 1),
(114, 40, 'گل بی خار کجاست؟', 9, 15, 1),
(115, 40, 'دوست نبیند به جز آن یک هنر', 9, 15, 1),
(116, 40, 'دیدن عیب خویشتن هنر است', 9, 15, 1),
(117, 41, 'در ازل علم و قدرت یزدان / ریخت خوش، طرح عالم امکان', 9, 15, 1),
(118, 41, 'جزتو، که ازچوب،میوه ها بنماید / جز تو، که آرد زخاک، لالۀ حمرا', 9, 15, 1),
(119, 41, 'زهی مقدّر بی مثل و صانع بی چون/که از جماد برآرد نبات الوان را', 9, 15, 1),
(120, 42, 'تامّل = اندیشیدن- حیران = غمگین', 9, 15, 1),
(121, 42, 'تماثیل = چهره ها- بوریا= پارچه', 9, 15, 1),
(122, 42, 'نژند=خشمگین- نغز= شاد', 9, 15, 1),
(123, 43, 'یال / گردن', 9, 15, 1),
(124, 43, 'جلال / شکوه', 9, 15, 1),
(125, 43, 'طنین / آهنگ', 9, 15, 1),
(126, 44, 'قاآنی شاعر دورۀ قاجار است', 9, 15, 1),
(127, 44, 'قشیری عارف قرن پنجم هجری است', 9, 15, 1),
(128, 44, '« فرزند ایران » از آثار دکتر کزّازی است', 9, 15, 1),
(129, 45, 'به قول پرستو', 9, 15, 1),
(130, 45, 'آینه های ناگهان', 9, 15, 1),
(131, 45, 'در کوچۀ آفتاب', 9, 15, 1),
(132, 46, 'فرازونشیب بیابان عشق،دام بلاست / 	کجاست شیر دلی کز بلا نپرهیزد', 9, 15, 1),
(133, 46, 'درخت تو گر بار دانش بگیرد / به زیر آوری چرخ نیلوفری را', 9, 15, 1),
(134, 46, 'مهمان سراست خانۀ دنیا که اند او / 	یک روز این بیاید و یک روز او رود', 9, 15, 1),
(135, 47, 'هر که از بادی رود از جا خسی است', 9, 15, 1),
(136, 47, 'این عمر به ابر نو بهاران مانَد', 9, 15, 1),
(137, 47, 'تو همچو صبحی و من شمع خلوت سحرم', 9, 15, 1),
(138, 48, 'می گوید- گویش – گفته', 9, 15, 1),
(139, 48, 'نداشته باشد- دار- دارد', 9, 15, 1),
(140, 48, 'می ستود- ستایش- ستود', 9, 15, 1),
(141, 49, 'خاک تشنه آب را با دل و جان می مکید', 9, 15, 1),
(142, 49, 'اندیشۀ مرگ جوانه، دل سنگ را به درد آورد', 9, 15, 1),
(143, 49, 'جوانه، اخم هایش را درهم کشید و بی تاب شد', 9, 15, 1),
(144, 50, 'این جا آشپزخانه دارد', 9, 15, 1),
(145, 50, 'او در کارخانه به پدرش کمک می کند', 9, 15, 1),
(146, 50, 'او هر روزنامه ای می خواند', 9, 15, 1),
(147, 51, 'ای نام تو بهترین سرآغاز /  			بی نام تو نامه کی کنم باز', 9, 15, 1),
(148, 51, 'ای نام نکوی تو سردفتر دیوان ها /  		وی طلعت روی تو زینت ده عنوان ها', 9, 15, 1),
(149, 51, 'نامۀ بی نام کاغذ پاره ای بی قدر بود /  	جزوجان گردید چون آرامش از نام تو یافت', 9, 15, 1),
(150, 52, 'گلستان کند آتشی بر خلیل', 9, 15, 1),
(151, 52, 'کلاه سعادت یکی برسرش', 9, 15, 1),
(152, 52, 'یکی را به سر بر نهد تاج بخت', 9, 15, 1),
(153, 53, 'گر تو را دیدۀ تحقیق خدابین باشد / 		گل و گلزار هم او ، دیده و دیدار هم اوست', 9, 15, 1),
(154, 53, 'دلا تا کی زنادانی همه نقش جهان بینی؟ / 		صفا ده دیدۀ خود را که تا دیدۀ جان بینی', 9, 15, 1),
(155, 53, 'هر ذره که می بینی خورشید در او پیداست /  	در دیدۀ ما بیند چشمی که به حق بیناست', 9, 15, 1),
(156, 54, 'سخت – ارزشمند-زیبایی- نامدار', 9, 15, 1),
(157, 54, 'غیرممکن- سزاوار- پرتو- نیرومند', 9, 15, 1),
(158, 54, 'پربها- شایسته – داد- بزرگوار', 9, 15, 1),
(159, 55, 'خیره روی= گستاخ', 9, 15, 1),
(160, 55, 'دلبند = گرامی', 9, 15, 1),
(161, 55, 'تیره رای= بداندیش', 9, 15, 1),
(162, 56, 'در برابر والایی آنان سرفرود آورند ( احترام گذاشتن)', 9, 15, 1),
(163, 56, 'باری که هر پشتی را در هم می شکند ( شکست دادن)', 9, 15, 1),
(164, 56, 'هر که ایران را بشناسد دل بدان خواهد باخت(علاقه مند شدن)', 9, 15, 1),
(165, 57, 'مراعات نظیر', 9, 15, 1),
(166, 57, 'واج آرایی', 9, 15, 1),
(167, 57, 'تشبیه', 9, 15, 1),
(168, 58, 'چون گریه گلو گیرد از ابر فرو بارم', 9, 15, 1),
(169, 58, 'خیال خال تو با خود به خاک خواهم برد', 9, 15, 1),
(170, 58, 'جانا نوای عشق خموشانه خوش تر است', 9, 15, 1),
(171, 59, 'دوستان وفادار بهتر از خویش اند', 9, 15, 1),
(172, 59, 'از دوستان جانی مشگل توان بریدن', 9, 15, 1),
(173, 59, 'دوستان شرح پریشانی من گوش کنید', 9, 15, 1),
(180, 62, 'صض۱', 0, 0, 1),
(181, 62, 'ثص۲', 0, 0, 1),
(178, 61, 'سه جمله امری و دو جمله خبری', 9, 15, 1),
(179, 61, 'همۀ جمله ها خبری', 9, 15, 1),
(177, 61, 'یک جمله خبری و چهار جمله امری', 9, 15, 1),
(182, 62, 'قث۳', 0, 0, 1),
(183, 62, 'فق۴', 0, 0, 1),
(184, 63, 'بمی۱', 14, 15, 1),
(185, 63, 'ی۲', 14, 15, 1),
(186, 63, 'بب۳', 14, 15, 1),
(187, 64, 'd1', 14, 15, 1),
(188, 64, 's2', 14, 15, 1),
(189, 64, 's4', 14, 15, 1);

-- --------------------------------------------------------

--
-- Table structure for table `question_tags`
--

CREATE TABLE `question_tags` (
  `tagID` int(11) NOT NULL,
  `tag` varchar(255) COLLATE utf8_bin NOT NULL,
  `questionID` int(11) NOT NULL,
  `userID` int(11) NOT NULL,
  `courceID` int(11) NOT NULL,
  `sectionID` int(11) NOT NULL
) ENGINE=MyISAM DEFAULT CHARSET=utf8 COLLATE=utf8_bin;

--
-- Dumping data for table `question_tags`
--

INSERT INTO `question_tags` (`tagID`, `tag`, `questionID`, `userID`, `courceID`, `sectionID`) VALUES
(1, 'کلمه 1', 16, 1, 14, 7),
(2, 'کلمه 2', 16, 1, 14, 7),
(3, 'کلمه3', 16, 1, 14, 7),
(4, 'کلمه 1', 17, 1, 14, 7),
(5, 'کلمه 2', 17, 1, 14, 7),
(6, 'کلمه 4', 17, 1, 14, 7),
(7, 'جمله', 18, 1, 14, 8),
(17, 'fdsgfdsds', 64, 1, 15, 14),
(16, 'fdsjfkjhwi', 64, 1, 15, 14),
(15, 'fdsfdfs', 64, 1, 15, 14),
(14, 'flkdsjfk', 64, 1, 15, 14);

-- --------------------------------------------------------

--
-- Table structure for table `section_questions`
--

CREATE TABLE `section_questions` (
  `questionID` int(11) NOT NULL,
  `sectionID` int(11) DEFAULT NULL,
  `userID` int(11) DEFAULT NULL,
  `courceID` int(11) DEFAULT NULL,
  `questionTitle` varchar(500) DEFAULT NULL,
  `questionAnswer` varchar(255) DEFAULT NULL,
  `questionLevel` varchar(25) DEFAULT NULL,
  `questionTags` varchar(255) DEFAULT NULL,
  `regDate` timestamp NULL DEFAULT CURRENT_TIMESTAMP,
  `ip` varchar(25) DEFAULT NULL,
  `questionLevelID` tinyint(1) NOT NULL,
  `status` tinyint(1) NOT NULL
) ENGINE=InnoDB DEFAULT CHARSET=utf8;

--
-- Dumping data for table `section_questions`
--

INSERT INTO `section_questions` (`questionID`, `sectionID`, `userID`, `courceID`, `questionTitle`, `questionAnswer`, `questionLevel`, `questionTags`, `regDate`, `ip`, `questionLevelID`, `status`) VALUES
(18, 9, 1, 15, 'معنای واژه های«  کُنه، طلعت ، بوریا، تامّل» به ترتیب چیست', 'ذات، روشنایی ، حصیر از جنس نی، درنگ کردن', '', '', '2018-02-28 15:19:44', '213.195.40.103', 0, 1),
(23, 9, 1, 15, 'در کدام گزینه غلط املایی دیده نمی شود', 'سیل و طوفان نعرۀ توفنده اش', '', '', '2018-02-28 15:25:04', '213.195.40.103', 0, 1),
(24, 9, 1, 15, 'همۀ آثار از یک سراینده است ،به جز؟', 'سرود سپیده', '', '', '2018-02-28 15:42:48', '213.195.40.103', 0, 1),
(25, 9, 1, 15, 'بُن مُضارع کدام مصدر نادرست است؟', 'نهادن : نهان', '', '', '2018-02-28 15:45:06', '213.195.40.103', 0, 1),
(26, 9, 1, 15, 'کدام گزینه با آرایۀ داخل کمانک هماهنگی ندارد؟', 'گلستان کند آتشی بر خلیل (تضاد)', '', '', '2018-02-28 15:46:17', '213.195.40.103', 0, 0),
(27, 9, 1, 15, 'در کدام بیت هم قافیه وجود دارد هم ردیف؟', 'تازه فهمیدم خدایم این خداست			این خدای مهربان و آشناست', '', '', '2018-02-28 15:48:01', '213.195.40.103', 0, 0),
(28, 9, 1, 15, 'مفهوم مقابل کدام عبارت درست است؟', 'بشر ماورای جلالش نیافت		(انسان از درک عظمت خداوند ناتوان است )', '', '', '2018-02-28 15:50:16', '213.195.40.103', 0, 1),
(29, 9, 1, 15, 'مفهوم عبارت زیر از کدام گزینه قابل استنباط است؟ «مرد گفت خداوندش را بگوی که گرگ بِبُرد . غلام گفت: خداوندش را چه بگویم؟»', 'به سوی عیب چون پویی؟ گر او را غیب دان بینی؟', '', '', '2018-02-28 15:51:44', '213.195.40.103', 0, 0),
(30, 9, 1, 15, 'کدام گزینه با بقیه بیت ها تناسب معنایی کمتری داری؟', 'هیچ کس چاره ساز کارم نیست	چه کنم بخت، سازگارم نیست', '', '', '2018-02-28 16:10:18', '213.195.40.103', 0, 0),
(31, 9, 1, 15, 'کدام گزینه با مفهوم بیت زیر نزدیک تر است؟ دوستی از من به من نزدیک تر 		از رگ گردن به من نزدیک تر', 'من چرا گِرد جهان گردم چو دوست		در میان جان شیرین من است', '', '', '2018-02-28 16:11:58', '213.195.40.103', 0, 0),
(32, 9, 1, 15, 'آیۀ 16 سورۀ ق ( نَحْنُ اَقْرَبُ مِنْ حَبْلِ اْلوَرید) با کدام بیت قِرابت معنایی دارد؟', 'دوستی از من به من نزدیکتر / از رگ گردن به من نزدیکتر', '', '', '2018-02-28 16:41:22', '213.195.40.103', 0, 0),
(33, 9, 1, 15, 'معنی کلمه های «ماهیّت ،ماورا» در کدام گزینه آمده است؟', 'چیستی ، آن سوی', '', '', '2018-02-28 16:43:27', '213.195.40.103', 0, 0),
(34, 9, 1, 15, 'کدام واژه از اجزای کمتری تشکیل شده است؟', 'ماهانه', '', '', '2018-02-28 16:45:26', '213.195.40.103', 0, 0),
(35, 9, 1, 15, 'معنای  واژه های « نژند، نغز، تماثیل، نفیس» به ترتیب چیست؟', 'بی روح، نیکو، تصویرها، گران بها', '', '', '2018-02-28 16:46:50', '213.195.40.103', 0, 0),
(36, 9, 1, 15, 'قاآنی کتاب ......... را به شیوۀ کتاب ....... سعدی نوشته است.', 'پریشان - گلستان', '', '', '2018-02-28 16:48:58', '213.195.40.103', 0, 0),
(37, 9, 1, 15, 'کدام ترکیب تشبیه به شمار مي آید؟', 'مهد هستی،جام لاله', '', '', '2018-02-28 16:52:07', '213.195.40.103', 0, 0),
(38, 9, 1, 15, 'در کدام گزینه یکی از ارکان تشبیه حذف شده است؟', 'من آن ابرم که می خواهد ببارد', '', '', '2018-02-28 16:53:28', '213.195.40.103', 0, 0),
(39, 9, 1, 15, 'در کدام عبارت رعایت نکردن فاصلۀ میان واژه ای اشکالی در خواندن ایجاد نمی کند؟', 'این بنا سه گوش است', '', '', '2018-02-28 16:54:50', '213.195.40.103', 0, 0),
(40, 9, 1, 15, 'همۀ گزینه ها به نحوی با بیت زیر تناسب معنایی دارند به جز..؟  « طاووس را به نقش و نگاری که هست خلق	تحسین کنند و او خجل از پای زشت خویش»', 'دانی طریق چیست؟تحمل به خوی دوست', '', '', '2018-02-28 17:14:48', '213.195.40.103', 0, 0),
(41, 9, 1, 15, 'مفهوم کدام گزینه با بقیه متفاوت است؟', 'چه فاخته درگلشن چه جغد به ویرانه / دارند نهان هریک حمد تو درافغان ها', '', '', '2018-02-28 17:16:07', '213.195.40.103', 0, 0),
(42, 9, 1, 15, 'در کدام گزینه معنی واژه ها درست است؟', 'پرستار =مطیع-کُنه = ذات', '', '', '2018-02-28 17:18:54', '213.195.40.103', 0, 0),
(43, 9, 1, 15, 'در کدام گزینه واژه ها مترادف و هم معنا نیستند؟', 'عاج / بلور', '', '', '2018-02-28 17:20:13', '213.195.40.103', 0, 0),
(44, 9, 1, 15, 'کدام گزینه نادرست است؟', 'هنر قاآنی در غزل سرایی است', '', '', '2018-02-28 17:21:09', '213.195.40.103', 0, 0),
(45, 9, 1, 15, 'همۀ آثار به جز ..... به قیصر امین پور تعلق دارد؟', 'به هوای گل سرخ', '', '', '2018-02-28 17:25:01', '213.195.40.103', 0, 0),
(46, 9, 1, 15, 'کدام گزینه، رکن « مشبه به » درست مشخص شده است؟', 'به روز حادثه اندر یَمِ (دریا) حوادث دهر	 / امید سعی و عمل هاست هم ازاین هم از آن', '', '', '2018-02-28 17:27:46', '213.195.40.103', 0, 0),
(47, 9, 1, 15, 'در کدام گزینه،همۀ ارکان تشبیه دیده می شود؟', 'هم چو گلبرگ طری هست وجود تو لطیف', '', '', '2018-02-28 17:28:29', '213.195.40.103', 0, 0),
(48, 9, 1, 15, 'در کدام گزینه به ترتیب ،«فعل» ،«بن مضارع»و«بن ماضی» آمده است؟', 'آفریده است-آفرین-آفرید', '', '', '2018-02-28 17:29:23', '213.195.40.103', 0, 0),
(49, 9, 1, 15, 'کاربرد آرایۀ «تشخیص» درهمه گزینه ها به جز ... مشهود است؟', 'آب به روشنایی آفتاب بود و به زیبایی زندگی', '', '', '2018-02-28 17:30:16', '213.195.40.103', 0, 0),
(50, 9, 1, 15, 'درهمه گزینه ها رعایت نکردن فاصلۀ میان واژه ای ،اشکال ایجاد می کند، به جز..؟', 'این جانور آفتاب پرست نام دارد', '', '', '2018-02-28 17:31:12', '213.195.40.103', 0, 0),
(51, 9, 1, 15, 'کدام گزینه با بقیه متفاوت است؟', 'ای نام تو جان بخش تر از آب حیات /		محتاج تو خلقی به حیات و به ممات', '', '', '2018-02-28 17:32:43', '213.195.40.103', 0, 0),
(52, 9, 1, 15, 'همۀ گزینه ها به جز..... در بردارندۀ مفهومی مشترک هستند.', 'گروهی بر آتش برد زآب نیل', '', '', '2018-02-28 17:33:46', '213.195.40.103', 0, 0),
(53, 9, 1, 15, 'همۀ گزینه ها به جز..... مفهوم نهایی بیت زیر را در بردارند. «چشم دل باز کن که جان بینی / 			آن چه نادیدنی است آن بینی »', 'چشم مکن باز به نادیدنی / 			گوش بپرداز زنشنیدنی', '', '', '2018-02-28 17:35:48', '213.195.40.103', 0, 0),
(54, 9, 1, 15, 'معنای درست واژه های « گران-بَسَنده- فرّ- نستوه » به ترتیب کدام است؟', 'سنگین- کافی- شوکت- خستگی ناپذیر', '', '', '2018-02-28 17:36:48', '213.195.40.103', 0, 0),
(55, 9, 1, 15, 'مفهوم همۀ گزینه ها درست است به جز؟', 'پُردل=اندیشمند', '', '', '2018-02-28 17:37:46', '213.195.40.103', 0, 0),
(56, 9, 1, 15, 'مفهوم کلی همۀ گزینه ها درست بیان شده است به جز ..؟', 'سر از همگنان بر می افرازیم ( پادشاهی کردن)', '', '', '2018-02-28 17:38:48', '213.195.40.103', 0, 0),
(57, 9, 1, 15, 'در عبارت « بدین سخن باور آور که فرزند ایران و بیشۀ فرهنگ و اندیشه را شیر شیران هستی» کدام آرایه را نمی توان یافت؟', 'تشخیص', '', '', '2018-02-28 17:39:43', '213.195.40.103', 0, 0),
(58, 9, 1, 15, 'در کدام گزینه « نغمۀ حروف» کمتر احساس می شود؟', 'ای مرغ سحر ناله به دل بشکن', '', '', '2018-02-28 17:40:33', '213.195.40.103', 0, 0),
(59, 9, 1, 15, 'مفهوم کدام گزینه از بیت زیر دورتر است؟ « سربه هم آورده دیدم برگ های غنچه را / 	اجتماع دوستان یک دلم آمد به یاد »', 'ز دوستان زبانی مدار چشم وفا', '', '', '2018-02-28 17:42:04', '213.195.40.103', 0, 0),
(61, 9, 1, 15, 'عبارت « بخوان بجوی و بپوی و ایران خود را بشناس و پروردگارپاک را سپاس بگزار »از چه جمله هایی تشکیل شده است؟', 'همه جمله ها امری', '', '', '2018-02-28 17:46:39', '213.195.40.103', 0, 0),
(62, NULL, 1, NULL, 'تست', 'تست', '', '', '2018-03-07 14:55:41', '5.219.180.60', 0, 0),
(63, 14, 1, 15, 'نمیتس', 'بسنمیتب', '', '', '2018-03-07 14:56:23', '5.219.180.60', 0, 0),
(64, 14, 1, 15, 'fdlj', 'fdlsjf;l', 'عادی', 'flkdsjfk,fdsfdfs,fdsjfkjhwi,fdsgfdsds', '2018-03-09 08:47:00', '5.134.165.46', 2, 0);

-- --------------------------------------------------------

--
-- Table structure for table `studentlog`
--

CREATE TABLE `studentlog` (
  `id` int(11) NOT NULL,
  `studentID` int(11) NOT NULL,
  `eventName` varchar(20) COLLATE utf8_bin NOT NULL,
  `eventData` timestamp NOT NULL DEFAULT CURRENT_TIMESTAMP,
  `ip` varchar(20) COLLATE utf8_bin NOT NULL
) ENGINE=MyISAM DEFAULT CHARSET=utf8 COLLATE=utf8_bin;

-- --------------------------------------------------------

--
-- Table structure for table `studentLog`
--

CREATE TABLE `studentLog` (
  `id` int(11) NOT NULL,
  `studentID` int(11) NOT NULL,
  `eventName` varchar(20) COLLATE utf8_bin NOT NULL,
  `eventData` timestamp NOT NULL DEFAULT CURRENT_TIMESTAMP,
  `ip` varchar(20) COLLATE utf8_bin NOT NULL
) ENGINE=MyISAM DEFAULT CHARSET=utf8 COLLATE=utf8_bin;

--
-- Dumping data for table `studentLog`
--

INSERT INTO `studentLog` (`id`, `studentID`, `eventName`, `eventData`, `ip`) VALUES
(1, 1, 'login', '2018-02-19 06:20:03', ''),
(2, 2, 'login', '2018-02-19 06:20:19', ''),
(3, 1, 'login', '2018-02-19 06:20:25', ''),
(4, 1, 'login', '2018-02-20 08:16:31', ''),
(5, 1, 'login', '2018-02-20 08:17:14', ''),
(6, 1, 'login', '2018-02-20 08:26:32', ''),
(7, 1, 'login', '2018-02-20 08:30:06', ''),
(8, 1, 'login', '2018-02-20 08:31:34', ''),
(9, 1, 'login', '2018-02-23 18:03:49', ''),
(10, 1, 'login', '2018-02-23 18:16:21', ''),
(11, 1, 'login', '2018-02-24 07:05:48', ''),
(12, 1, 'login', '2018-02-25 08:06:10', ''),
(13, 1, 'login', '2018-02-25 08:17:20', ''),
(14, 1, 'login', '2018-02-26 06:43:26', ''),
(15, 1, 'login', '2018-02-26 07:02:05', ''),
(16, 1, 'login', '2018-02-26 10:45:37', ''),
(17, 1, 'login', '2018-02-27 05:42:53', ''),
(18, 1, 'login', '2018-02-27 07:02:16', ''),
(19, 1, 'login', '2018-02-27 09:40:43', ''),
(20, 1, 'login', '2018-02-27 10:00:36', ''),
(21, 1, 'login', '2018-02-27 10:06:17', ''),
(22, 1, 'login', '2018-02-27 10:14:02', ''),
(23, 1, 'login', '2018-02-27 10:29:10', ''),
(24, 1, 'login', '2018-02-27 10:29:39', ''),
(25, 1, 'login', '2018-02-27 10:30:57', ''),
(26, 1, 'login', '2018-02-28 05:20:18', ''),
(27, 1, 'login', '2018-02-28 05:51:46', ''),
(28, 1, 'login', '2018-02-28 09:03:20', ''),
(29, 1, 'login', '2018-02-28 15:03:10', ''),
(30, 1, 'login', '2018-02-28 15:13:25', ''),
(31, 1, 'login', '2018-02-28 15:35:32', ''),
(32, 1, 'login', '2018-02-28 17:21:40', ''),
(33, 1, 'login', '2018-02-28 17:47:23', ''),
(34, 1, 'login', '2018-03-01 04:22:06', ''),
(35, 1, 'login', '2018-03-03 08:04:49', ''),
(36, 1, 'login', '2018-03-04 06:19:32', ''),
(37, 1, 'login', '2018-03-07 13:17:35', ''),
(38, 4, 'register', '2018-03-07 14:35:55', ''),
(39, 4, 'login', '2018-03-07 14:35:55', ''),
(40, 1, 'login', '2018-03-17 05:17:11', '');

-- --------------------------------------------------------

--
-- Table structure for table `student_exam`
--

CREATE TABLE `student_exam` (
  `examID` int(11) NOT NULL,
  `examDate` timestamp NOT NULL DEFAULT CURRENT_TIMESTAMP,
  `studentID` int(11) NOT NULL,
  `courseID` int(11) NOT NULL
) ENGINE=InnoDB DEFAULT CHARSET=utf8;

--
-- Dumping data for table `student_exam`
--

INSERT INTO `student_exam` (`examID`, `examDate`, `studentID`, `courseID`) VALUES
(1, '2018-02-28 05:59:19', 2, 0),
(2, '2018-02-28 05:59:55', 2, 0),
(3, '2018-02-28 05:59:56', 2, 0),
(4, '2018-02-28 05:59:56', 2, 0),
(5, '2018-02-28 06:03:57', 2, 0),
(6, '2018-02-28 06:10:19', 2, 0),
(7, '2018-02-28 06:20:37', 2, 0),
(8, '2018-02-28 06:24:11', 2, 0),
(9, '2018-02-28 06:25:12', 2, 0),
(10, '2018-02-28 06:30:30', 2, 0),
(11, '2018-02-28 06:34:54', 2, 0),
(12, '2018-02-28 06:35:23', 2, 0),
(13, '2018-02-28 07:04:07', 2, 0),
(14, '2018-02-28 07:04:49', 2, 0),
(15, '2018-02-28 07:05:14', 2, 0),
(16, '2018-02-28 07:07:31', 2, 0),
(17, '2018-02-28 07:08:03', 2, 0),
(18, '2018-02-28 07:09:30', 2, 0),
(19, '2018-02-28 07:10:20', 2, 0),
(20, '2018-02-28 09:03:45', 2, 0),
(21, '2018-02-28 15:13:41', 2, 0),
(22, '2018-02-28 15:35:51', 2, 0),
(23, '2018-02-28 17:22:35', 2, 0),
(24, '2018-02-28 17:47:55', 2, 0),
(25, '2018-03-01 04:23:03', 2, 0),
(26, '2018-03-01 04:27:50', 2, 0),
(27, '2018-03-03 08:05:35', 2, 0),
(28, '2018-03-03 08:08:11', 2, 0),
(29, '2018-03-04 06:19:50', 2, 0),
(30, '2018-03-07 13:17:59', 2, 0),
(31, '2018-03-07 14:36:51', 4, 0),
(32, '2018-03-17 05:17:36', 2, 0);

-- --------------------------------------------------------

--
-- Table structure for table `student_exam_questions`
--

CREATE TABLE `student_exam_questions` (
  `id` int(11) NOT NULL,
  `examID` int(11) NOT NULL,
  `studentID` int(11) NOT NULL,
  `questionID` int(11) NOT NULL,
  `item1` tinyint(4) NOT NULL,
  `item2` tinyint(4) NOT NULL,
  `item3` tinyint(4) NOT NULL,
  `item4` tinyint(4) NOT NULL,
  `answerItem` tinyint(4) NOT NULL,
  `checkedItem` tinyint(4) NOT NULL
) ENGINE=InnoDB DEFAULT CHARSET=utf8;

--
-- Dumping data for table `student_exam_questions`
--

INSERT INTO `student_exam_questions` (`id`, `examID`, `studentID`, `questionID`, `item1`, `item2`, `item3`, `item4`, `answerItem`, `checkedItem`) VALUES
(1, 6, 2, 16, 0, 36, 35, 34, 1, 2),
(2, 6, 2, 15, 0, 30, 31, 32, 1, -1),
(3, 6, 2, 17, 39, 0, 38, 37, 2, 4),
(4, 7, 2, 15, 30, 32, 0, 31, 3, -1),
(5, 7, 2, 17, 39, 38, 0, 37, 3, -1),
(6, 7, 2, 16, 34, 0, 35, 36, 2, 3),
(7, 8, 2, 15, 30, 0, 33, 31, 2, 2),
(8, 8, 2, 17, 39, 38, 37, 0, 4, 4),
(9, 8, 2, 16, 35, 34, 36, 0, 4, -1),
(10, 9, 2, 16, 35, 36, 34, 0, 4, 4),
(11, 9, 2, 17, 37, 0, 39, 38, 2, -1),
(12, 9, 2, 15, 30, 31, 0, 33, 3, -1),
(13, 10, 2, 17, 37, 38, 39, 0, 4, 3),
(14, 10, 2, 16, 34, 0, 36, 35, 2, -1),
(15, 10, 2, 15, 0, 30, 32, 33, 1, -1),
(16, 11, 2, 15, 30, 32, 0, 31, 3, 4),
(17, 11, 2, 16, 35, 36, 34, 0, 4, -1),
(18, 11, 2, 17, 37, 38, 39, 0, 4, 2),
(19, 12, 2, 15, 31, 0, 30, 33, 2, 4),
(20, 12, 2, 17, 38, 0, 37, 39, 2, -1),
(21, 12, 2, 16, 34, 0, 35, 36, 2, 3),
(22, 13, 2, 15, 30, 32, 31, 0, 4, 2),
(23, 13, 2, 16, 34, 36, 35, 0, 4, -1),
(24, 13, 2, 17, 37, 39, 38, 0, 4, 2),
(25, 14, 2, 17, 39, 37, 38, 0, 4, 1),
(26, 14, 2, 15, 0, 30, 32, 31, 1, -1),
(27, 14, 2, 16, 0, 36, 34, 35, 1, 4),
(28, 15, 2, 15, 31, 33, 30, 0, 4, -1),
(29, 15, 2, 16, 34, 35, 0, 36, 3, 2),
(30, 15, 2, 17, 37, 38, 39, 0, 4, 2),
(31, 16, 2, 16, 0, 35, 36, 34, 1, 1),
(32, 16, 2, 15, 0, 30, 31, 33, 1, -1),
(33, 16, 2, 17, 39, 38, 37, 0, 4, 1),
(34, 17, 2, 16, 36, 34, 35, 0, 4, 1),
(35, 17, 2, 17, 39, 37, 38, 0, 4, 3),
(36, 17, 2, 15, 33, 30, 0, 32, 3, -1),
(37, 18, 2, 17, 37, 39, 38, 0, 4, 1),
(38, 18, 2, 16, 36, 0, 34, 35, 2, -1),
(39, 18, 2, 15, 30, 0, 32, 31, 2, 1),
(40, 19, 2, 16, 36, 0, 35, 34, 2, 1),
(41, 19, 2, 17, 38, 0, 39, 37, 2, 1),
(42, 19, 2, 15, 0, 30, 33, 31, 1, -1),
(43, 20, 2, 16, 35, 36, 34, 0, 4, 1),
(44, 20, 2, 15, 0, 31, 33, 30, 1, -1),
(45, 20, 2, 17, 37, 0, 38, 39, 2, 2),
(46, 21, 2, 16, 0, 35, 34, 36, 1, 1),
(47, 21, 2, 17, 39, 38, 37, 0, 4, -1),
(48, 21, 2, 15, 33, 30, 0, 32, 3, -1),
(49, 22, 2, 23, 0, 64, 65, 63, 1, 3),
(50, 22, 2, 18, 48, 49, 50, 0, 4, 4),
(51, 23, 2, 25, 0, 71, 69, 70, 1, 4),
(52, 23, 2, 30, 0, 84, 85, 86, 1, 2),
(53, 23, 2, 29, 82, 0, 81, 83, 2, -1),
(54, 23, 2, 42, 0, 120, 121, 122, 1, -1),
(55, 23, 2, 28, 78, 0, 80, 79, 2, 2),
(56, 23, 2, 31, 89, 87, 88, 0, 4, 2),
(57, 23, 2, 40, 114, 116, 0, 115, 3, 3),
(58, 23, 2, 38, 109, 110, 0, 108, 3, -1),
(59, 23, 2, 37, 107, 106, 105, 0, 4, 3),
(60, 23, 2, 34, 98, 97, 96, 0, 4, 1),
(61, 24, 2, 39, 111, 0, 113, 112, 2, -1),
(62, 24, 2, 57, 0, 127, 127, 127, 1, 3),
(63, 24, 2, 24, 66, 0, 67, 68, 2, -1),
(64, 24, 2, 48, 127, 0, 127, 127, 2, -1),
(65, 24, 2, 29, 81, 82, 83, 0, 4, 2),
(66, 24, 2, 40, 115, 0, 114, 116, 2, -1),
(67, 24, 2, 25, 71, 70, 0, 69, 3, -1),
(68, 24, 2, 46, 127, 0, 127, 127, 2, -1),
(69, 24, 2, 27, 75, 0, 77, 76, 2, 2),
(70, 24, 2, 44, 127, 0, 127, 126, 2, 1),
(71, 25, 2, 54, 127, 127, 0, 127, 3, 2),
(72, 25, 2, 42, 121, 122, 120, 0, 4, 2),
(73, 25, 2, 56, 127, 127, 0, 127, 3, -1),
(74, 25, 2, 25, 71, 70, 69, 0, 4, -1),
(75, 25, 2, 58, 127, 127, 0, 127, 3, 1),
(76, 25, 2, 23, 64, 0, 65, 63, 2, 1),
(77, 25, 2, 59, 0, 127, 127, 127, 1, -1),
(78, 25, 2, 41, 117, 119, 0, 118, 3, -1),
(79, 25, 2, 53, 127, 127, 0, 127, 3, 1),
(80, 25, 2, 49, 127, 127, 127, 0, 4, 3),
(81, 26, 2, 50, 0, 127, 127, 127, 1, -1),
(82, 26, 2, 32, 0, 92, 91, 90, 1, -1),
(83, 26, 2, 37, 106, 107, 0, 105, 3, -1),
(84, 26, 2, 28, 0, 78, 79, 80, 1, -1),
(85, 26, 2, 45, 127, 127, 0, 127, 3, -1),
(86, 26, 2, 55, 0, 127, 127, 127, 1, -1),
(87, 26, 2, 56, 127, 127, 0, 127, 3, -1),
(88, 26, 2, 54, 127, 127, 0, 127, 3, -1),
(89, 26, 2, 39, 0, 111, 113, 112, 1, -1),
(90, 26, 2, 30, 84, 0, 86, 85, 2, 3),
(91, 27, 2, 30, 85, 86, 0, 84, 3, 1),
(92, 27, 2, 41, 117, 119, 118, 0, 4, 1),
(93, 27, 2, 55, 0, 127, 127, 127, 1, 1),
(94, 27, 2, 32, 0, 92, 91, 90, 1, 1),
(95, 27, 2, 29, 81, 83, 0, 82, 3, 1),
(96, 27, 2, 28, 80, 0, 79, 78, 2, 1),
(97, 27, 2, 48, 127, 127, 127, 0, 4, 1),
(98, 27, 2, 43, 125, 0, 123, 124, 2, 1),
(99, 27, 2, 26, 73, 74, 72, 0, 4, 1),
(100, 27, 2, 50, 127, 127, 127, 0, 4, 1),
(101, 28, 2, 47, 127, 127, 127, 0, 4, 1),
(102, 28, 2, 41, 119, 117, 118, 0, 4, 1),
(103, 28, 2, 56, 127, 127, 0, 127, 3, 1),
(104, 28, 2, 44, 127, 0, 127, 126, 2, 1),
(105, 28, 2, 40, 114, 116, 0, 115, 3, 1),
(106, 28, 2, 57, 0, 127, 127, 127, 1, 1),
(107, 28, 2, 36, 0, 102, 104, 103, 1, 1),
(108, 28, 2, 49, 127, 127, 0, 127, 3, 1),
(109, 28, 2, 50, 0, 127, 127, 127, 1, 1),
(110, 28, 2, 30, 84, 0, 85, 86, 2, 1),
(111, 29, 2, 41, 119, 118, 0, 117, 3, 1),
(112, 29, 2, 47, 127, 127, 0, 127, 3, 3),
(113, 29, 2, 32, 91, 0, 92, 90, 2, -1),
(114, 29, 2, 58, 0, 127, 127, 127, 1, -1),
(115, 29, 2, 52, 127, 0, 127, 127, 2, -1),
(116, 29, 2, 18, 49, 50, 48, 0, 4, 4),
(117, 29, 2, 59, 127, 0, 127, 127, 2, -1),
(118, 29, 2, 42, 121, 122, 0, 120, 3, -1),
(119, 29, 2, 46, 0, 127, 127, 127, 1, -1),
(120, 29, 2, 51, 127, 0, 127, 127, 2, 3),
(121, 30, 2, 31, 88, 89, 0, 87, 3, -1),
(122, 30, 2, 18, 48, 0, 50, 49, 2, 2),
(123, 30, 2, 38, 0, 109, 110, 108, 1, 2),
(124, 30, 2, 28, 80, 78, 0, 79, 3, -1),
(125, 30, 2, 26, 72, 74, 0, 73, 3, -1),
(126, 30, 2, 42, 120, 0, 121, 122, 2, -1),
(127, 30, 2, 29, 0, 82, 83, 81, 1, 1),
(128, 30, 2, 32, 92, 0, 90, 91, 2, 3),
(129, 30, 2, 24, 0, 68, 67, 66, 1, 2),
(130, 30, 2, 33, 93, 0, 94, 95, 2, 2),
(131, 31, 4, 33, 0, 95, 94, 93, 1, 2),
(132, 31, 4, 39, 0, 112, 113, 111, 1, 3),
(133, 31, 4, 56, 127, 0, 127, 127, 2, 1),
(134, 31, 4, 30, 85, 84, 0, 86, 3, -1),
(135, 31, 4, 51, 0, 127, 127, 127, 1, -1),
(136, 31, 4, 49, 0, 127, 127, 127, 1, 3),
(137, 31, 4, 57, 0, 127, 127, 127, 1, -1),
(138, 31, 4, 45, 127, 127, 0, 127, 3, -1),
(139, 31, 4, 46, 127, 127, 127, 0, 4, -1),
(140, 31, 4, 59, 127, 127, 127, 0, 4, 3),
(141, 32, 2, 18, 0, 48, 50, 49, 1, -1),
(142, 32, 2, 49, 0, 127, 127, 127, 1, -1),
(143, 32, 2, 54, 0, 127, 127, 127, 1, 1),
(144, 32, 2, 29, 81, 82, 0, 83, 3, -1),
(145, 32, 2, 24, 66, 67, 68, 0, 4, -1),
(146, 32, 2, 55, 0, 127, 127, 127, 1, 3),
(147, 32, 2, 45, 127, 127, 127, 0, 4, -1),
(148, 32, 2, 23, 64, 65, 63, 0, 4, -1),
(149, 32, 2, 25, 70, 69, 71, 0, 4, -1),
(150, 32, 2, 58, 127, 0, 127, 127, 2, -1);

-- --------------------------------------------------------

--
-- Table structure for table `users`
--

CREATE TABLE `users` (
  `userID` int(11) NOT NULL,
  `userName` varchar(36) COLLATE utf8_bin NOT NULL,
  `password` varchar(36) COLLATE utf8_bin NOT NULL,
  `active` tinyint(4) NOT NULL DEFAULT '1',
  `userType` varchar(20) COLLATE utf8_bin NOT NULL DEFAULT 'student',
  `name` varchar(50) COLLATE utf8_bin NOT NULL,
  `family` varchar(50) COLLATE utf8_bin NOT NULL
) ENGINE=MyISAM AVG_ROW_LENGTH=48 DEFAULT CHARSET=utf8 COLLATE=utf8_bin;

--
-- Dumping data for table `users`
--

INSERT INTO `users` (`userID`, `userName`, `password`, `active`, `userType`, `name`, `family`) VALUES
(1, 'salam', '202cb962ac59075b964b07152d234b70', 1, 'teacher', '', ''),
(2, '1', 'c4ca4238a0b923820dcc509a6f75849b', 1, 'student', 'تست', 'تست 2'),
(3, '2', 'c81e728d9d4c2f636f067f89cc14862c', 1, 'student', 'تست 2', 'تست 3'),
(4, '۱۰۰۰', 'c7711617088e2181211b902fba0d6c74', 1, 'student', 'علی', 'کریمی');

--
-- Indexes for dumped tables
--

--
-- Indexes for table `cource-sections`
--
ALTER TABLE `cource-sections`
  ADD PRIMARY KEY (`sectionID`);

--
-- Indexes for table `cources`
--
ALTER TABLE `cources`
  ADD PRIMARY KEY (`courceID`);

--
-- Indexes for table `examination`
--
ALTER TABLE `examination`
  ADD PRIMARY KEY (`id`);

--
-- Indexes for table `examinationQuestions`
--
ALTER TABLE `examinationQuestions`
  ADD PRIMARY KEY (`id`);

--
-- Indexes for table `paye`
--
ALTER TABLE `paye`
  ADD PRIMARY KEY (`payeID`);

--
-- Indexes for table `question_items`
--
ALTER TABLE `question_items`
  ADD PRIMARY KEY (`itemID`);

--
-- Indexes for table `question_tags`
--
ALTER TABLE `question_tags`
  ADD PRIMARY KEY (`tagID`);

--
-- Indexes for table `section_questions`
--
ALTER TABLE `section_questions`
  ADD PRIMARY KEY (`questionID`);

--
-- Indexes for table `studentlog`
--
ALTER TABLE `studentlog`
  ADD PRIMARY KEY (`id`);

--
-- Indexes for table `studentLog`
--
ALTER TABLE `studentLog`
  ADD PRIMARY KEY (`id`);

--
-- Indexes for table `student_exam`
--
ALTER TABLE `student_exam`
  ADD PRIMARY KEY (`examID`);

--
-- Indexes for table `student_exam_questions`
--
ALTER TABLE `student_exam_questions`
  ADD PRIMARY KEY (`id`);

--
-- Indexes for table `users`
--
ALTER TABLE `users`
  ADD PRIMARY KEY (`userID`);

--
-- AUTO_INCREMENT for dumped tables
--

--
-- AUTO_INCREMENT for table `cource-sections`
--
ALTER TABLE `cource-sections`
  MODIFY `sectionID` int(11) NOT NULL AUTO_INCREMENT, AUTO_INCREMENT=15;
--
-- AUTO_INCREMENT for table `cources`
--
ALTER TABLE `cources`
  MODIFY `courceID` int(11) NOT NULL AUTO_INCREMENT, AUTO_INCREMENT=17;
--
-- AUTO_INCREMENT for table `examination`
--
ALTER TABLE `examination`
  MODIFY `id` int(11) NOT NULL AUTO_INCREMENT, AUTO_INCREMENT=27;
--
-- AUTO_INCREMENT for table `examinationQuestions`
--
ALTER TABLE `examinationQuestions`
  MODIFY `id` int(11) NOT NULL AUTO_INCREMENT, AUTO_INCREMENT=270;
--
-- AUTO_INCREMENT for table `paye`
--
ALTER TABLE `paye`
  MODIFY `payeID` int(11) NOT NULL AUTO_INCREMENT, AUTO_INCREMENT=12;
--
-- AUTO_INCREMENT for table `question_items`
--
ALTER TABLE `question_items`
  MODIFY `itemID` int(11) NOT NULL AUTO_INCREMENT, AUTO_INCREMENT=190;
--
-- AUTO_INCREMENT for table `question_tags`
--
ALTER TABLE `question_tags`
  MODIFY `tagID` int(11) NOT NULL AUTO_INCREMENT, AUTO_INCREMENT=18;
--
-- AUTO_INCREMENT for table `section_questions`
--
ALTER TABLE `section_questions`
  MODIFY `questionID` int(11) NOT NULL AUTO_INCREMENT, AUTO_INCREMENT=65;
--
-- AUTO_INCREMENT for table `studentlog`
--
ALTER TABLE `studentlog`
  MODIFY `id` int(11) NOT NULL AUTO_INCREMENT, AUTO_INCREMENT=7;
--
-- AUTO_INCREMENT for table `studentLog`
--
ALTER TABLE `studentLog`
  MODIFY `id` int(11) NOT NULL AUTO_INCREMENT, AUTO_INCREMENT=41;
--
-- AUTO_INCREMENT for table `student_exam`
--
ALTER TABLE `student_exam`
  MODIFY `examID` int(11) NOT NULL AUTO_INCREMENT, AUTO_INCREMENT=33;
--
-- AUTO_INCREMENT for table `student_exam_questions`
--
ALTER TABLE `student_exam_questions`
  MODIFY `id` int(11) NOT NULL AUTO_INCREMENT, AUTO_INCREMENT=151;
--
-- AUTO_INCREMENT for table `users`
--
ALTER TABLE `users`
  MODIFY `userID` int(11) NOT NULL AUTO_INCREMENT, AUTO_INCREMENT=5;COMMIT;

/*!40101 SET CHARACTER_SET_CLIENT=@OLD_CHARACTER_SET_CLIENT */;
/*!40101 SET CHARACTER_SET_RESULTS=@OLD_CHARACTER_SET_RESULTS */;
/*!40101 SET COLLATION_CONNECTION=@OLD_COLLATION_CONNECTION */;
